length_3260	proportion_3260	n_finite	sac_streams
136537.027100936	66.7157688784139	151	intersecting or downstream
68117.7784964747	33.2842311215861	26	outside
