length_3260	proportion_3260	n_finite	sac_streams	version
135615.508181827	65.096227197515	76	intersecting or downstream	v2021
72715.3183810435	34.903772802485	27	outside	v2021
